scenario_id,changed_inputs_json,asset_id,asset_class,rank_base,rank_scenario,rank_shift,expected_loss_base_rub,expected_loss_scenario_rub,status,interpretation
p_uncertain_x0.7,"{""p_flood_factor"": 0.7, ""applies_to"": ""объекты с неопределённостью не ниже 0.019"", ""rule"": ""p := clip(p * factor, 0, 1) только у выбранных объектов""}",a01,warehouse,6,6,0,6152.14928984642,6152.14928984642,ok,"Вероятность изменена только там, где модель сама в себе не уверена. V и q зафиксированы, модель не переобучается."
p_uncertain_x0.7,"{""p_flood_factor"": 0.7, ""applies_to"": ""объекты с неопределённостью не ниже 0.019"", ""rule"": ""p := clip(p * factor, 0, 1) только у выбранных объектов""}",a02,substation,5,4,1,11368.200182914734,11368.200182914734,ok,"Вероятность изменена только там, где модель сама в себе не уверена. V и q зафиксированы, модель не переобучается."
p_uncertain_x0.7,"{""p_flood_factor"": 0.7, ""applies_to"": ""объекты с неопределённостью не ниже 0.019"", ""rule"": ""p := clip(p * factor, 0, 1) только у выбранных объектов""}",a03,road_unit,10,9,1,3691.289573907852,3691.289573907852,ok,"Вероятность изменена только там, где модель сама в себе не уверена. V и q зафиксированы, модель не переобучается."
p_uncertain_x0.7,"{""p_flood_factor"": 0.7, ""applies_to"": ""объекты с неопределённостью не ниже 0.019"", ""rule"": ""p := clip(p * factor, 0, 1) только у выбранных объектов""}",a04,facility,8,10,-2,3937.375545501709,2756.1628818511963,ok,"Вероятность изменена только там, где модель сама в себе не уверена. V и q зафиксированы, модель не переобучается."
p_uncertain_x0.7,"{""p_flood_factor"": 0.7, ""applies_to"": ""объекты с неопределённостью не ниже 0.019"", ""rule"": ""p := clip(p * factor, 0, 1) только у выбранных объектов""}",a05,pumping_station,9,8,1,3889.2222801223393,3889.2222801223393,ok,"Вероятность изменена только там, где модель сама в себе не уверена. V и q зафиксированы, модель не переобучается."
p_uncertain_x0.7,"{""p_flood_factor"": 0.7, ""applies_to"": ""объекты с неопределённостью не ниже 0.019"", ""rule"": ""p := clip(p * factor, 0, 1) только у выбранных объектов""}",a06,clinic,3,3,0,18818.839453160763,13173.187617212534,ok,"Вероятность изменена только там, где модель сама в себе не уверена. V и q зафиксированы, модель не переобучается."
p_uncertain_x0.7,"{""p_flood_factor"": 0.7, ""applies_to"": ""объекты с неопределённостью не ниже 0.019"", ""rule"": ""p := clip(p * factor, 0, 1) только у выбранных объектов""}",a07,school,1,1,0,111674.6038198471,78172.22267389297,ok,"Вероятность изменена только там, где модель сама в себе не уверена. V и q зафиксированы, модель не переобучается."
p_uncertain_x0.7,"{""p_flood_factor"": 0.7, ""applies_to"": ""объекты с неопределённостью не ниже 0.019"", ""rule"": ""p := clip(p * factor, 0, 1) только у выбранных объектов""}",a08,workshop,4,5,-1,13488.455303013325,9441.918712109327,ok,"Вероятность изменена только там, где модель сама в себе не уверена. V и q зафиксированы, модель не переобучается."
p_uncertain_x0.7,"{""p_flood_factor"": 0.7, ""applies_to"": ""объекты с неопределённостью не ниже 0.019"", ""rule"": ""p := clip(p * factor, 0, 1) только у выбранных объектов""}",a09,telecom_node,7,7,0,4534.438252449036,4534.438252449036,ok,"Вероятность изменена только там, где модель сама в себе не уверена. V и q зафиксированы, модель не переобучается."
p_uncertain_x0.7,"{""p_flood_factor"": 0.7, ""applies_to"": ""объекты с неопределённостью не ниже 0.019"", ""rule"": ""p := clip(p * factor, 0, 1) только у выбранных объектов""}",a10,water_intake,2,2,0,20073.428750038147,14051.400125026703,ok,"Вероятность изменена только там, где модель сама в себе не уверена. V и q зафиксированы, модель не переобучается."
p_uncertain_x1.3,"{""p_flood_factor"": 1.3, ""applies_to"": ""объекты с неопределённостью не ниже 0.019"", ""rule"": ""p := clip(p * factor, 0, 1) только у выбранных объектов""}",a01,warehouse,6,6,0,6152.14928984642,6152.14928984642,ok,"Вероятность изменена только там, где модель сама в себе не уверена. V и q зафиксированы, модель не переобучается."
p_uncertain_x1.3,"{""p_flood_factor"": 1.3, ""applies_to"": ""объекты с неопределённостью не ниже 0.019"", ""rule"": ""p := clip(p * factor, 0, 1) только у выбранных объектов""}",a02,substation,5,5,0,11368.200182914734,11368.200182914734,ok,"Вероятность изменена только там, где модель сама в себе не уверена. V и q зафиксированы, модель не переобучается."
p_uncertain_x1.3,"{""p_flood_factor"": 1.3, ""applies_to"": ""объекты с неопределённостью не ниже 0.019"", ""rule"": ""p := clip(p * factor, 0, 1) только у выбранных объектов""}",a03,road_unit,10,10,0,3691.289573907852,3691.289573907852,ok,"Вероятность изменена только там, где модель сама в себе не уверена. V и q зафиксированы, модель не переобучается."
p_uncertain_x1.3,"{""p_flood_factor"": 1.3, ""applies_to"": ""объекты с неопределённостью не ниже 0.019"", ""rule"": ""p := clip(p * factor, 0, 1) только у выбранных объектов""}",a04,facility,8,7,1,3937.375545501709,5118.588209152222,ok,"Вероятность изменена только там, где модель сама в себе не уверена. V и q зафиксированы, модель не переобучается."
p_uncertain_x1.3,"{""p_flood_factor"": 1.3, ""applies_to"": ""объекты с неопределённостью не ниже 0.019"", ""rule"": ""p := clip(p * factor, 0, 1) только у выбранных объектов""}",a05,pumping_station,9,9,0,3889.2222801223393,3889.2222801223393,ok,"Вероятность изменена только там, где модель сама в себе не уверена. V и q зафиксированы, модель не переобучается."
p_uncertain_x1.3,"{""p_flood_factor"": 1.3, ""applies_to"": ""объекты с неопределённостью не ниже 0.019"", ""rule"": ""p := clip(p * factor, 0, 1) только у выбранных объектов""}",a06,clinic,3,3,0,18818.839453160763,24464.49128910899,ok,"Вероятность изменена только там, где модель сама в себе не уверена. V и q зафиксированы, модель не переобучается."
p_uncertain_x1.3,"{""p_flood_factor"": 1.3, ""applies_to"": ""объекты с неопределённостью не ниже 0.019"", ""rule"": ""p := clip(p * factor, 0, 1) только у выбранных объектов""}",a07,school,1,1,0,111674.6038198471,145176.98496580124,ok,"Вероятность изменена только там, где модель сама в себе не уверена. V и q зафиксированы, модель не переобучается."
p_uncertain_x1.3,"{""p_flood_factor"": 1.3, ""applies_to"": ""объекты с неопределённостью не ниже 0.019"", ""rule"": ""p := clip(p * factor, 0, 1) только у выбранных объектов""}",a08,workshop,4,4,0,13488.455303013325,17534.991893917322,ok,"Вероятность изменена только там, где модель сама в себе не уверена. V и q зафиксированы, модель не переобучается."
p_uncertain_x1.3,"{""p_flood_factor"": 1.3, ""applies_to"": ""объекты с неопределённостью не ниже 0.019"", ""rule"": ""p := clip(p * factor, 0, 1) только у выбранных объектов""}",a09,telecom_node,7,8,-1,4534.438252449036,4534.438252449036,ok,"Вероятность изменена только там, где модель сама в себе не уверена. V и q зафиксированы, модель не переобучается."
p_uncertain_x1.3,"{""p_flood_factor"": 1.3, ""applies_to"": ""объекты с неопределённостью не ниже 0.019"", ""rule"": ""p := clip(p * factor, 0, 1) только у выбранных объектов""}",a10,water_intake,2,2,0,20073.428750038147,26095.45737504959,ok,"Вероятность изменена только там, где модель сама в себе не уверена. V и q зафиксированы, модель не переобучается."
V_clinic_x0.5,"{""V_factor"": 0.5, ""applies_to"": ""clinic""}",a01,warehouse,6,6,0,6152.14928984642,6152.14928984642,ok,Стоимость класса «клиника» пересмотрена в 0.5 раза: реестр уточнили. Вероятность и уязвимость прежние.
V_clinic_x0.5,"{""V_factor"": 0.5, ""applies_to"": ""clinic""}",a02,substation,5,4,1,11368.200182914734,11368.200182914734,ok,Стоимость класса «клиника» пересмотрена в 0.5 раза: реестр уточнили. Вероятность и уязвимость прежние.
V_clinic_x0.5,"{""V_factor"": 0.5, ""applies_to"": ""clinic""}",a03,road_unit,10,10,0,3691.289573907852,3691.289573907852,ok,Стоимость класса «клиника» пересмотрена в 0.5 раза: реестр уточнили. Вероятность и уязвимость прежние.
V_clinic_x0.5,"{""V_factor"": 0.5, ""applies_to"": ""clinic""}",a04,facility,8,8,0,3937.375545501709,3937.375545501709,ok,Стоимость класса «клиника» пересмотрена в 0.5 раза: реестр уточнили. Вероятность и уязвимость прежние.
V_clinic_x0.5,"{""V_factor"": 0.5, ""applies_to"": ""clinic""}",a05,pumping_station,9,9,0,3889.2222801223393,3889.2222801223393,ok,Стоимость класса «клиника» пересмотрена в 0.5 раза: реестр уточнили. Вероятность и уязвимость прежние.
V_clinic_x0.5,"{""V_factor"": 0.5, ""applies_to"": ""clinic""}",a06,clinic,3,5,-2,18818.839453160763,9409.419726580381,ok,Стоимость класса «клиника» пересмотрена в 0.5 раза: реестр уточнили. Вероятность и уязвимость прежние.
V_clinic_x0.5,"{""V_factor"": 0.5, ""applies_to"": ""clinic""}",a07,school,1,1,0,111674.6038198471,111674.6038198471,ok,Стоимость класса «клиника» пересмотрена в 0.5 раза: реестр уточнили. Вероятность и уязвимость прежние.
V_clinic_x0.5,"{""V_factor"": 0.5, ""applies_to"": ""clinic""}",a08,workshop,4,3,1,13488.455303013325,13488.455303013325,ok,Стоимость класса «клиника» пересмотрена в 0.5 раза: реестр уточнили. Вероятность и уязвимость прежние.
V_clinic_x0.5,"{""V_factor"": 0.5, ""applies_to"": ""clinic""}",a09,telecom_node,7,7,0,4534.438252449036,4534.438252449036,ok,Стоимость класса «клиника» пересмотрена в 0.5 раза: реестр уточнили. Вероятность и уязвимость прежние.
V_clinic_x0.5,"{""V_factor"": 0.5, ""applies_to"": ""clinic""}",a10,water_intake,2,2,0,20073.428750038147,20073.428750038147,ok,Стоимость класса «клиника» пересмотрена в 0.5 раза: реестр уточнили. Вероятность и уязвимость прежние.
V_telecom_node_x3.0,"{""V_factor"": 3.0, ""applies_to"": ""telecom_node""}",a01,warehouse,6,7,-1,6152.14928984642,6152.14928984642,ok,Стоимость класса «узел связи» пересмотрена в 3.0 раза: реестр уточнили. Вероятность и уязвимость прежние.
V_telecom_node_x3.0,"{""V_factor"": 3.0, ""applies_to"": ""telecom_node""}",a02,substation,5,6,-1,11368.200182914734,11368.200182914734,ok,Стоимость класса «узел связи» пересмотрена в 3.0 раза: реестр уточнили. Вероятность и уязвимость прежние.
V_telecom_node_x3.0,"{""V_factor"": 3.0, ""applies_to"": ""telecom_node""}",a03,road_unit,10,10,0,3691.289573907852,3691.289573907852,ok,Стоимость класса «узел связи» пересмотрена в 3.0 раза: реестр уточнили. Вероятность и уязвимость прежние.
V_telecom_node_x3.0,"{""V_factor"": 3.0, ""applies_to"": ""telecom_node""}",a04,facility,8,8,0,3937.375545501709,3937.375545501709,ok,Стоимость класса «узел связи» пересмотрена в 3.0 раза: реестр уточнили. Вероятность и уязвимость прежние.
V_telecom_node_x3.0,"{""V_factor"": 3.0, ""applies_to"": ""telecom_node""}",a05,pumping_station,9,9,0,3889.2222801223393,3889.2222801223393,ok,Стоимость класса «узел связи» пересмотрена в 3.0 раза: реестр уточнили. Вероятность и уязвимость прежние.
V_telecom_node_x3.0,"{""V_factor"": 3.0, ""applies_to"": ""telecom_node""}",a06,clinic,3,3,0,18818.839453160763,18818.839453160763,ok,Стоимость класса «узел связи» пересмотрена в 3.0 раза: реестр уточнили. Вероятность и уязвимость прежние.
V_telecom_node_x3.0,"{""V_factor"": 3.0, ""applies_to"": ""telecom_node""}",a07,school,1,1,0,111674.6038198471,111674.6038198471,ok,Стоимость класса «узел связи» пересмотрена в 3.0 раза: реестр уточнили. Вероятность и уязвимость прежние.
V_telecom_node_x3.0,"{""V_factor"": 3.0, ""applies_to"": ""telecom_node""}",a08,workshop,4,5,-1,13488.455303013325,13488.455303013325,ok,Стоимость класса «узел связи» пересмотрена в 3.0 раза: реестр уточнили. Вероятность и уязвимость прежние.
V_telecom_node_x3.0,"{""V_factor"": 3.0, ""applies_to"": ""telecom_node""}",a09,telecom_node,7,4,3,4534.438252449036,13603.314757347107,ok,Стоимость класса «узел связи» пересмотрена в 3.0 раза: реестр уточнили. Вероятность и уязвимость прежние.
V_telecom_node_x3.0,"{""V_factor"": 3.0, ""applies_to"": ""telecom_node""}",a10,water_intake,2,2,0,20073.428750038147,20073.428750038147,ok,Стоимость класса «узел связи» пересмотрена в 3.0 раза: реестр уточнили. Вероятность и уязвимость прежние.
V_substation_x0.6,"{""V_factor"": 0.6, ""applies_to"": ""substation""}",a01,warehouse,6,6,0,6152.14928984642,6152.14928984642,ok,Стоимость класса «электроподстанция» пересмотрена в 0.6 раза: реестр уточнили. Вероятность и уязвимость прежние.
V_substation_x0.6,"{""V_factor"": 0.6, ""applies_to"": ""substation""}",a02,substation,5,5,0,11368.200182914734,6820.92010974884,ok,Стоимость класса «электроподстанция» пересмотрена в 0.6 раза: реестр уточнили. Вероятность и уязвимость прежние.
V_substation_x0.6,"{""V_factor"": 0.6, ""applies_to"": ""substation""}",a03,road_unit,10,10,0,3691.289573907852,3691.289573907852,ok,Стоимость класса «электроподстанция» пересмотрена в 0.6 раза: реестр уточнили. Вероятность и уязвимость прежние.
V_substation_x0.6,"{""V_factor"": 0.6, ""applies_to"": ""substation""}",a04,facility,8,8,0,3937.375545501709,3937.375545501709,ok,Стоимость класса «электроподстанция» пересмотрена в 0.6 раза: реестр уточнили. Вероятность и уязвимость прежние.
V_substation_x0.6,"{""V_factor"": 0.6, ""applies_to"": ""substation""}",a05,pumping_station,9,9,0,3889.2222801223393,3889.2222801223393,ok,Стоимость класса «электроподстанция» пересмотрена в 0.6 раза: реестр уточнили. Вероятность и уязвимость прежние.
V_substation_x0.6,"{""V_factor"": 0.6, ""applies_to"": ""substation""}",a06,clinic,3,3,0,18818.839453160763,18818.839453160763,ok,Стоимость класса «электроподстанция» пересмотрена в 0.6 раза: реестр уточнили. Вероятность и уязвимость прежние.
V_substation_x0.6,"{""V_factor"": 0.6, ""applies_to"": ""substation""}",a07,school,1,1,0,111674.6038198471,111674.6038198471,ok,Стоимость класса «электроподстанция» пересмотрена в 0.6 раза: реестр уточнили. Вероятность и уязвимость прежние.
V_substation_x0.6,"{""V_factor"": 0.6, ""applies_to"": ""substation""}",a08,workshop,4,4,0,13488.455303013325,13488.455303013325,ok,Стоимость класса «электроподстанция» пересмотрена в 0.6 раза: реестр уточнили. Вероятность и уязвимость прежние.
V_substation_x0.6,"{""V_factor"": 0.6, ""applies_to"": ""substation""}",a09,telecom_node,7,7,0,4534.438252449036,4534.438252449036,ok,Стоимость класса «электроподстанция» пересмотрена в 0.6 раза: реестр уточнили. Вероятность и уязвимость прежние.
V_substation_x0.6,"{""V_factor"": 0.6, ""applies_to"": ""substation""}",a10,water_intake,2,2,0,20073.428750038147,20073.428750038147,ok,Стоимость класса «электроподстанция» пересмотрена в 0.6 раза: реестр уточнили. Вероятность и уязвимость прежние.
q_workshop_x0.4,"{""q_factor"": 0.4, ""applies_to"": ""workshop""}",a01,warehouse,6,5,1,6152.14928984642,6152.14928984642,ok,Уязвимость класса «мастерская» пересмотрена в 0.4 раза после первого обследования. Вероятность и стоимость прежние.
q_workshop_x0.4,"{""q_factor"": 0.4, ""applies_to"": ""workshop""}",a02,substation,5,4,1,11368.200182914734,11368.200182914734,ok,Уязвимость класса «мастерская» пересмотрена в 0.4 раза после первого обследования. Вероятность и стоимость прежние.
q_workshop_x0.4,"{""q_factor"": 0.4, ""applies_to"": ""workshop""}",a03,road_unit,10,10,0,3691.289573907852,3691.289573907852,ok,Уязвимость класса «мастерская» пересмотрена в 0.4 раза после первого обследования. Вероятность и стоимость прежние.
q_workshop_x0.4,"{""q_factor"": 0.4, ""applies_to"": ""workshop""}",a04,facility,8,8,0,3937.375545501709,3937.375545501709,ok,Уязвимость класса «мастерская» пересмотрена в 0.4 раза после первого обследования. Вероятность и стоимость прежние.
q_workshop_x0.4,"{""q_factor"": 0.4, ""applies_to"": ""workshop""}",a05,pumping_station,9,9,0,3889.2222801223393,3889.2222801223393,ok,Уязвимость класса «мастерская» пересмотрена в 0.4 раза после первого обследования. Вероятность и стоимость прежние.
q_workshop_x0.4,"{""q_factor"": 0.4, ""applies_to"": ""workshop""}",a06,clinic,3,3,0,18818.839453160763,18818.839453160763,ok,Уязвимость класса «мастерская» пересмотрена в 0.4 раза после первого обследования. Вероятность и стоимость прежние.
q_workshop_x0.4,"{""q_factor"": 0.4, ""applies_to"": ""workshop""}",a07,school,1,1,0,111674.6038198471,111674.6038198471,ok,Уязвимость класса «мастерская» пересмотрена в 0.4 раза после первого обследования. Вероятность и стоимость прежние.
q_workshop_x0.4,"{""q_factor"": 0.4, ""applies_to"": ""workshop""}",a08,workshop,4,6,-2,13488.455303013325,5395.38212120533,ok,Уязвимость класса «мастерская» пересмотрена в 0.4 раза после первого обследования. Вероятность и стоимость прежние.
q_workshop_x0.4,"{""q_factor"": 0.4, ""applies_to"": ""workshop""}",a09,telecom_node,7,7,0,4534.438252449036,4534.438252449036,ok,Уязвимость класса «мастерская» пересмотрена в 0.4 раза после первого обследования. Вероятность и стоимость прежние.
q_workshop_x0.4,"{""q_factor"": 0.4, ""applies_to"": ""workshop""}",a10,water_intake,2,2,0,20073.428750038147,20073.428750038147,ok,Уязвимость класса «мастерская» пересмотрена в 0.4 раза после первого обследования. Вероятность и стоимость прежние.
q_school_x2.0,"{""q_factor"": 2.0, ""applies_to"": ""school""}",a01,warehouse,6,6,0,6152.14928984642,6152.14928984642,ok,Уязвимость класса «школа» пересмотрена в 2.0 раза после первого обследования. Вероятность и стоимость прежние.
q_school_x2.0,"{""q_factor"": 2.0, ""applies_to"": ""school""}",a02,substation,5,5,0,11368.200182914734,11368.200182914734,ok,Уязвимость класса «школа» пересмотрена в 2.0 раза после первого обследования. Вероятность и стоимость прежние.
q_school_x2.0,"{""q_factor"": 2.0, ""applies_to"": ""school""}",a03,road_unit,10,10,0,3691.289573907852,3691.289573907852,ok,Уязвимость класса «школа» пересмотрена в 2.0 раза после первого обследования. Вероятность и стоимость прежние.
q_school_x2.0,"{""q_factor"": 2.0, ""applies_to"": ""school""}",a04,facility,8,8,0,3937.375545501709,3937.375545501709,ok,Уязвимость класса «школа» пересмотрена в 2.0 раза после первого обследования. Вероятность и стоимость прежние.
q_school_x2.0,"{""q_factor"": 2.0, ""applies_to"": ""school""}",a05,pumping_station,9,9,0,3889.2222801223393,3889.2222801223393,ok,Уязвимость класса «школа» пересмотрена в 2.0 раза после первого обследования. Вероятность и стоимость прежние.
q_school_x2.0,"{""q_factor"": 2.0, ""applies_to"": ""school""}",a06,clinic,3,3,0,18818.839453160763,18818.839453160763,ok,Уязвимость класса «школа» пересмотрена в 2.0 раза после первого обследования. Вероятность и стоимость прежние.
q_school_x2.0,"{""q_factor"": 2.0, ""applies_to"": ""school""}",a07,school,1,1,0,111674.6038198471,223349.2076396942,ok,Уязвимость класса «школа» пересмотрена в 2.0 раза после первого обследования. Вероятность и стоимость прежние.
q_school_x2.0,"{""q_factor"": 2.0, ""applies_to"": ""school""}",a08,workshop,4,4,0,13488.455303013325,13488.455303013325,ok,Уязвимость класса «школа» пересмотрена в 2.0 раза после первого обследования. Вероятность и стоимость прежние.
q_school_x2.0,"{""q_factor"": 2.0, ""applies_to"": ""school""}",a09,telecom_node,7,7,0,4534.438252449036,4534.438252449036,ok,Уязвимость класса «школа» пересмотрена в 2.0 раза после первого обследования. Вероятность и стоимость прежние.
q_school_x2.0,"{""q_factor"": 2.0, ""applies_to"": ""school""}",a10,water_intake,2,2,0,20073.428750038147,20073.428750038147,ok,Уязвимость класса «школа» пересмотрена в 2.0 раза после первого обследования. Вероятность и стоимость прежние.
no_data_top1,"{""status"": ""no_data"", ""applies_to"": [""a07""]}",a01,warehouse,6,5,1,6152.14928984642,6152.14928984642,ok,"Объект с наибольшим ущербом потерял оценку: данные оказались ненадёжны. Его ущерб не становится нулём — он становится неизвестным, и объект уходит из ранжирования в неоценённую экспозицию."
no_data_top1,"{""status"": ""no_data"", ""applies_to"": [""a07""]}",a02,substation,5,4,1,11368.200182914734,11368.200182914734,ok,"Объект с наибольшим ущербом потерял оценку: данные оказались ненадёжны. Его ущерб не становится нулём — он становится неизвестным, и объект уходит из ранжирования в неоценённую экспозицию."
no_data_top1,"{""status"": ""no_data"", ""applies_to"": [""a07""]}",a03,road_unit,10,9,1,3691.289573907852,3691.289573907852,ok,"Объект с наибольшим ущербом потерял оценку: данные оказались ненадёжны. Его ущерб не становится нулём — он становится неизвестным, и объект уходит из ранжирования в неоценённую экспозицию."
no_data_top1,"{""status"": ""no_data"", ""applies_to"": [""a07""]}",a04,facility,8,7,1,3937.375545501709,3937.375545501709,ok,"Объект с наибольшим ущербом потерял оценку: данные оказались ненадёжны. Его ущерб не становится нулём — он становится неизвестным, и объект уходит из ранжирования в неоценённую экспозицию."
no_data_top1,"{""status"": ""no_data"", ""applies_to"": [""a07""]}",a05,pumping_station,9,8,1,3889.2222801223393,3889.2222801223393,ok,"Объект с наибольшим ущербом потерял оценку: данные оказались ненадёжны. Его ущерб не становится нулём — он становится неизвестным, и объект уходит из ранжирования в неоценённую экспозицию."
no_data_top1,"{""status"": ""no_data"", ""applies_to"": [""a07""]}",a06,clinic,3,2,1,18818.839453160763,18818.839453160763,ok,"Объект с наибольшим ущербом потерял оценку: данные оказались ненадёжны. Его ущерб не становится нулём — он становится неизвестным, и объект уходит из ранжирования в неоценённую экспозицию."
no_data_top1,"{""status"": ""no_data"", ""applies_to"": [""a07""]}",a07,school,1,,,111674.6038198471,,no_data,"Объект с наибольшим ущербом потерял оценку: данные оказались ненадёжны. Его ущерб не становится нулём — он становится неизвестным, и объект уходит из ранжирования в неоценённую экспозицию."
no_data_top1,"{""status"": ""no_data"", ""applies_to"": [""a07""]}",a08,workshop,4,3,1,13488.455303013325,13488.455303013325,ok,"Объект с наибольшим ущербом потерял оценку: данные оказались ненадёжны. Его ущерб не становится нулём — он становится неизвестным, и объект уходит из ранжирования в неоценённую экспозицию."
no_data_top1,"{""status"": ""no_data"", ""applies_to"": [""a07""]}",a09,telecom_node,7,6,1,4534.438252449036,4534.438252449036,ok,"Объект с наибольшим ущербом потерял оценку: данные оказались ненадёжны. Его ущерб не становится нулём — он становится неизвестным, и объект уходит из ранжирования в неоценённую экспозицию."
no_data_top1,"{""status"": ""no_data"", ""applies_to"": [""a07""]}",a10,water_intake,2,1,1,20073.428750038147,20073.428750038147,ok,"Объект с наибольшим ущербом потерял оценку: данные оказались ненадёжны. Его ущерб не становится нулём — он становится неизвестным, и объект уходит из ранжирования в неоценённую экспозицию."
