alpha,threshold,f1_micro,iou_micro,precision,recall,f1_macro,iou_macro
0.000000,0.100000,0.324660,0.193788,0.204144,0.792525,0.339701,0.224235
0.000000,0.150000,0.417152,0.263545,0.294952,0.712236,0.417377,0.297001
0.000000,0.200000,0.478780,0.314735,0.376115,0.658537,0.457136,0.335428
0.000000,0.250000,0.510117,0.342388,0.433127,0.620395,0.469617,0.345182
0.000000,0.300000,0.521240,0.352484,0.470450,0.584323,0.468431,0.341832
0.000000,0.350000,0.523244,0.354320,0.495612,0.554139,0.462020,0.334309
0.000000,0.400000,0.518973,0.350414,0.511992,0.526146,0.451749,0.323760
0.000000,0.450000,0.512881,0.344883,0.523404,0.502774,0.440692,0.313280
0.000000,0.500000,0.502581,0.335632,0.527769,0.479688,0.427713,0.301479
0.000000,0.550000,0.489710,0.324249,0.529122,0.455763,0.413401,0.288523
0.000000,0.600000,0.473491,0.310179,0.527740,0.429355,0.394401,0.272733
0.000000,0.650000,0.459285,0.298099,0.527863,0.406477,0.376786,0.258529
0.000000,0.700000,0.442634,0.284220,0.526785,0.381666,0.357231,0.242840
0.000000,0.750000,0.421965,0.267399,0.521672,0.354256,0.334469,0.224710
0.000000,0.800000,0.397842,0.248316,0.513363,0.324762,0.312150,0.206193
0.000000,0.850000,0.368615,0.225952,0.499600,0.292046,0.287124,0.185598
0.100000,0.100000,0.339285,0.204301,0.214771,0.807344,0.360617,0.242720
0.100000,0.150000,0.430806,0.274540,0.308008,0.716439,0.435972,0.315435
0.100000,0.200000,0.486860,0.321754,0.386325,0.658127,0.465314,0.342993
0.100000,0.250000,0.515696,0.347433,0.443153,0.616638,0.472498,0.347375
0.100000,0.300000,0.527412,0.358153,0.482773,0.581147,0.470996,0.343137
0.100000,0.350000,0.525717,0.356592,0.505166,0.548012,0.461918,0.332915
0.100000,0.400000,0.519553,0.350943,0.520302,0.518806,0.449894,0.321213
0.100000,0.450000,0.509385,0.341728,0.527172,0.492758,0.435247,0.308110
0.100000,0.500000,0.496851,0.330540,0.529763,0.467789,0.421468,0.295244
0.100000,0.550000,0.482737,0.318163,0.530907,0.442580,0.405416,0.281275
0.100000,0.600000,0.464942,0.302883,0.529678,0.414307,0.384459,0.263954
0.100000,0.650000,0.447093,0.287907,0.529821,0.386711,0.359995,0.245496
0.100000,0.700000,0.426026,0.270669,0.525748,0.358102,0.337356,0.227037
0.100000,0.750000,0.401389,0.251086,0.517388,0.327878,0.314765,0.208111
0.100000,0.800000,0.368370,0.225768,0.500804,0.291329,0.286878,0.185208
0.100000,0.850000,0.313294,0.185743,0.465513,0.236094,0.244690,0.151344
0.200000,0.100000,0.357860,0.217923,0.228531,0.824400,0.384968,0.264693
0.200000,0.150000,0.441666,0.283422,0.317635,0.724617,0.453409,0.331902
0.200000,0.200000,0.491171,0.325532,0.391579,0.658703,0.471206,0.348251
0.200000,0.250000,0.519835,0.351200,0.451508,0.612529,0.475245,0.348514
0.200000,0.300000,0.532168,0.362554,0.493940,0.576810,0.473354,0.343662
0.200000,0.350000,0.527163,0.357924,0.514629,0.540323,0.460793,0.330808
0.200000,0.400000,0.518602,0.350076,0.526617,0.510828,0.446369,0.317563
0.200000,0.450000,0.505568,0.338301,0.530882,0.482559,0.430796,0.303249
0.200000,0.500000,0.491687,0.325985,0.533558,0.455909,0.415527,0.289272
0.200000,0.550000,0.472897,0.309669,0.532739,0.425141,0.393659,0.270876
0.200000,0.600000,0.452148,0.292113,0.532361,0.392942,0.364510,0.249059
0.200000,0.650000,0.430666,0.274426,0.530346,0.362528,0.341090,0.229816
0.200000,0.700000,0.405476,0.254293,0.522495,0.331281,0.317584,0.210260
0.200000,0.750000,0.367683,0.225252,0.503517,0.289566,0.286093,0.184285
0.200000,0.800000,0.306792,0.181190,0.501476,0.220997,0.237804,0.145398
0.200000,0.850000,0.102998,0.054295,0.536195,0.056971,0.087070,0.047136
0.300000,0.100000,0.379284,0.234022,0.245485,0.833655,0.411817,0.290635
0.300000,0.150000,0.451312,0.291416,0.325011,0.738168,0.468286,0.345067
0.300000,0.200000,0.489200,0.323802,0.388768,0.659595,0.474251,0.350620
0.300000,0.250000,0.522062,0.353237,0.455295,0.611775,0.478339,0.350111
0.300000,0.300000,0.533722,0.363998,0.500654,0.571467,0.473301,0.342390
0.300000,0.350000,0.527766,0.358479,0.523004,0.532615,0.458739,0.328034
0.300000,0.400000,0.514987,0.346790,0.529535,0.501218,0.442765,0.313042
0.300000,0.450000,0.501114,0.334325,0.536019,0.470478,0.425456,0.297507
0.300000,0.500000,0.482879,0.318286,0.536521,0.438988,0.404492,0.279359
0.300000,0.550000,0.460716,0.299306,0.536716,0.403570,0.375351,0.256554
0.300000,0.600000,0.435468,0.278337,0.533049,0.368086,0.346391,0.233474
0.300000,0.650000,0.408007,0.256287,0.525463,0.333467,0.319877,0.211631
0.300000,0.700000,0.373991,0.230006,0.534493,0.287622,0.288866,0.185767
0.300000,0.750000,0.304933,0.179895,0.635919,0.200550,0.239702,0.145968
0.300000,0.800000,0.020368,0.010289,0.317730,0.010521,0.018269,0.009305
0.300000,0.850000,0.000000,0.000000,nan,0.000000,0.000000,0.000000
0.400000,0.100000,0.400119,0.250093,0.263098,0.834966,0.436313,0.315292
0.400000,0.150000,0.464693,0.302671,0.335915,0.753593,0.483609,0.358307
0.400000,0.200000,0.486069,0.321064,0.382175,0.667539,0.479962,0.354058
0.400000,0.250000,0.518177,0.349689,0.450407,0.609952,0.477600,0.348982
0.400000,0.300000,0.534390,0.364620,0.505777,0.566435,0.472670,0.340738
0.400000,0.350000,0.524897,0.355838,0.526706,0.523101,0.455446,0.323652
0.400000,0.400000,0.511603,0.343728,0.535696,0.489584,0.438262,0.307947
0.400000,0.450000,0.494706,0.328644,0.541456,0.455388,0.417032,0.289326
0.400000,0.500000,0.471218,0.308231,0.541415,0.417134,0.388036,0.265602
0.400000,0.550000,0.442649,0.284232,0.537518,0.376243,0.353263,0.238614
0.400000,0.600000,0.416081,0.262691,0.547662,0.335480,0.324577,0.214979
0.400000,0.650000,0.390104,0.242317,0.643094,0.279967,0.302200,0.195338
0.400000,0.700000,0.276914,0.160708,0.675183,0.174174,0.221150,0.132571
0.400000,0.750000,0.007689,0.003859,0.271680,0.003900,0.006798,0.003419
0.400000,0.800000,0.000000,0.000000,nan,0.000000,0.000000,0.000000
0.400000,0.850000,0.000000,0.000000,nan,0.000000,0.000000,0.000000
0.500000,0.100000,0.421258,0.266832,0.281989,0.832331,0.458301,0.337525
0.500000,0.150000,0.475521,0.311924,0.345896,0.760530,0.492916,0.365793
0.500000,0.200000,0.490592,0.325023,0.383173,0.681701,0.488759,0.359190
0.500000,0.250000,0.502771,0.335801,0.427765,0.609672,0.473902,0.345315
0.500000,0.300000,0.529538,0.360117,0.502300,0.559900,0.470078,0.337000
0.500000,0.350000,0.522924,0.354026,0.532120,0.514040,0.452990,0.319921
0.500000,0.400000,0.506823,0.339426,0.543981,0.474417,0.431202,0.300531
0.500000,0.450000,0.484496,0.319693,0.546694,0.435004,0.405252,0.277916
0.500000,0.500000,0.455041,0.294533,0.552227,0.386943,0.369083,0.248706
0.500000,0.550000,0.440988,0.282864,0.640941,0.336127,0.347267,0.231472
0.500000,0.600000,0.394195,0.245481,0.696127,0.274943,0.308361,0.199892
0.500000,0.650000,0.240364,0.136599,0.675176,0.146207,0.195028,0.114558
0.500000,0.700000,0.005293,0.002653,0.326716,0.002668,0.004656,0.002337
0.500000,0.750000,0.000000,0.000000,nan,0.000000,0.000000,0.000000
0.500000,0.800000,0.000000,0.000000,nan,0.000000,0.000000,0.000000
0.500000,0.850000,0.000000,0.000000,nan,0.000000,0.000000,0.000000
0.600000,0.100000,0.439317,0.281490,0.298851,0.828929,0.474119,0.352158
0.600000,0.150000,0.485309,0.320401,0.356078,0.761782,0.499492,0.370012
0.600000,0.200000,0.495281,0.329152,0.385439,0.692681,0.495899,0.363568
0.600000,0.250000,0.491891,0.326164,0.409245,0.616363,0.475167,0.344543
0.600000,0.300000,0.517431,0.349010,0.487504,0.551273,0.463276,0.330263
0.600000,0.350000,0.518677,0.350145,0.537875,0.500803,0.447564,0.313473
0.600000,0.400000,0.499859,0.333208,0.555734,0.454194,0.422859,0.291154
0.600000,0.450000,0.489341,0.323925,0.625226,0.401976,0.402801,0.274270
0.600000,0.500000,0.453311,0.293085,0.674567,0.341349,0.363112,0.242983
0.600000,0.550000,0.388073,0.240751,0.708691,0.267193,0.306961,0.198248
0.600000,0.600000,0.186599,0.102900,0.665765,0.108505,0.154341,0.087916
0.600000,0.650000,0.003004,0.001504,0.298745,0.001509,0.002442,0.001223
0.600000,0.700000,0.000000,0.000000,nan,0.000000,0.000000,0.000000
0.600000,0.750000,0.000000,0.000000,nan,0.000000,0.000000,0.000000
0.600000,0.800000,0.000000,0.000000,nan,0.000000,0.000000,0.000000
0.600000,0.850000,0.000000,0.000000,nan,0.000000,0.000000,0.000000
0.700000,0.100000,0.456990,0.296168,0.316476,0.821918,0.486067,0.361831
0.700000,0.150000,0.490446,0.324894,0.362483,0.758050,0.502361,0.371165
0.700000,0.200000,0.496780,0.330477,0.387129,0.693091,0.497450,0.363444
0.700000,0.250000,0.490477,0.324922,0.405444,0.620642,0.478828,0.344188
0.700000,0.300000,0.491443,0.325771,0.447618,0.544782,0.454455,0.321622
0.700000,0.350000,0.531032,0.361500,0.590037,0.482755,0.458594,0.319420
0.700000,0.400000,0.512051,0.344132,0.653387,0.420986,0.433104,0.297015
0.700000,0.450000,0.467600,0.305143,0.695212,0.352268,0.384928,0.258420
0.700000,0.500000,0.382170,0.236224,0.715473,0.260715,0.305937,0.196670
0.700000,0.550000,0.123203,0.065645,0.608229,0.068544,0.104398,0.057198
0.700000,0.600000,0.001588,0.000795,0.775661,0.000795,0.001124,0.000563
0.700000,0.650000,0.000000,0.000000,nan,0.000000,0.000000,0.000000
0.700000,0.700000,0.000000,0.000000,nan,0.000000,0.000000,0.000000
0.700000,0.750000,0.000000,0.000000,nan,0.000000,0.000000,0.000000
0.700000,0.800000,0.000000,0.000000,nan,0.000000,0.000000,0.000000
0.700000,0.850000,0.000000,0.000000,nan,0.000000,0.000000,0.000000
0.800000,0.100000,0.470259,0.307411,0.331009,0.811747,0.493420,0.365904
0.800000,0.150000,0.493848,0.327887,0.367936,0.750768,0.503665,0.370681
0.800000,0.200000,0.495810,0.329619,0.388662,0.684521,0.495697,0.359384
0.800000,0.250000,0.499732,0.333096,0.420338,0.616104,0.489672,0.350570
0.800000,0.300000,0.493529,0.327606,0.457237,0.536078,0.470613,0.333330
0.800000,0.350000,0.515392,0.347157,0.595850,0.454077,0.455445,0.315888
0.800000,0.400000,0.484756,0.319920,0.688395,0.374093,0.415191,0.279166
0.800000,0.450000,0.384792,0.238230,0.704265,0.264712,0.318837,0.203742
0.800000,0.500000,0.091605,0.048001,0.569878,0.049805,0.078577,0.042076
0.800000,0.550000,0.002719,0.001361,0.812682,0.001362,0.001924,0.000965
0.800000,0.600000,0.000000,0.000000,nan,0.000000,0.000000,0.000000
0.800000,0.650000,0.000000,0.000000,nan,0.000000,0.000000,0.000000
0.800000,0.700000,0.000000,0.000000,nan,0.000000,0.000000,0.000000
0.800000,0.750000,0.000000,0.000000,nan,0.000000,0.000000,0.000000
0.800000,0.800000,0.000000,0.000000,nan,0.000000,0.000000,0.000000
0.800000,0.850000,0.000000,0.000000,nan,0.000000,0.000000,0.000000
0.900000,0.100000,0.479115,0.315024,0.342421,0.797463,0.496977,0.366970
0.900000,0.150000,0.501870,0.334998,0.381247,0.734150,0.507974,0.372009
0.900000,0.200000,0.508939,0.341327,0.411514,0.666803,0.508111,0.368284
0.900000,0.250000,0.502078,0.335183,0.432179,0.598949,0.496801,0.354640
0.900000,0.300000,0.484940,0.320080,0.453291,0.521340,0.474141,0.332769
0.900000,0.350000,0.467523,0.305077,0.535429,0.414903,0.430963,0.293263
0.900000,0.400000,0.393503,0.244944,0.678499,0.277107,0.348439,0.221503
0.900000,0.450000,0.101356,0.053383,0.573532,0.055590,0.089480,0.047977
0.900000,0.500000,0.003005,0.001505,0.762075,0.001506,0.002126,0.001066
0.900000,0.550000,0.000000,0.000000,0.000000,0.000000,0.000000,0.000000
0.900000,0.600000,0.000000,0.000000,nan,0.000000,0.000000,0.000000
0.900000,0.650000,0.000000,0.000000,nan,0.000000,0.000000,0.000000
0.900000,0.700000,0.000000,0.000000,nan,0.000000,0.000000,0.000000
0.900000,0.750000,0.000000,0.000000,nan,0.000000,0.000000,0.000000
0.900000,0.800000,0.000000,0.000000,nan,0.000000,0.000000,0.000000
0.900000,0.850000,0.000000,0.000000,nan,0.000000,0.000000,0.000000
1.000000,0.100000,0.495145,0.329032,0.365465,0.767470,0.507556,0.372366
1.000000,0.150000,0.506921,0.339514,0.395886,0.704521,0.512941,0.373151
1.000000,0.200000,0.503649,0.336585,0.411547,0.648859,0.506571,0.364029
1.000000,0.250000,0.489241,0.323838,0.424415,0.577440,0.489395,0.345108
1.000000,0.300000,0.457017,0.296191,0.433754,0.482916,0.454377,0.311144
1.000000,0.350000,0.361322,0.220496,0.432071,0.310483,0.353616,0.226287
1.000000,0.400000,0.166939,0.091071,0.435876,0.103240,0.165930,0.092135
1.000000,0.450000,0.003274,0.001640,0.726705,0.001641,0.002315,0.001161
1.000000,0.500000,0.001438,0.000719,0.767052,0.000719,0.001018,0.000510
1.000000,0.550000,0.000000,0.000000,nan,0.000000,0.000000,0.000000
1.000000,0.600000,0.000000,0.000000,nan,0.000000,0.000000,0.000000
1.000000,0.650000,0.000000,0.000000,nan,0.000000,0.000000,0.000000
1.000000,0.700000,0.000000,0.000000,nan,0.000000,0.000000,0.000000
1.000000,0.750000,0.000000,0.000000,nan,0.000000,0.000000,0.000000
1.000000,0.800000,0.000000,0.000000,nan,0.000000,0.000000,0.000000
1.000000,0.850000,0.000000,0.000000,nan,0.000000,0.000000,0.000000
