scope,method,target,event,iou,f1,precision,recall,n_pixels,n_positive,tp,fp,fn,tn
total,baseline,flood,,0.346406,0.514563,0.430634,0.639127,17879873,1904298,1217088,1609179,687210,14366396
total,baseline,water,,0.504820,0.670937,0.628994,0.718874,17879873,2472902,1777705,1048562,695197,14358409
total,main,flood,,0.279674,0.437102,0.381243,0.512139,17879873,1904298,975266,1582858,929032,14392717
total,main,water,,0.300005,0.461545,0.453857,0.469498,17879873,2472902,1161022,1397102,1311880,14009869
event,baseline,flood,Mekong,0.538500,0.700033,0.643905,0.766879,7129920,1227436,941295,520558,286141,5381926
event,baseline,flood,Pakistan,0.163123,0.280491,0.222117,0.380485,5375862,326993,124416,435722,202577,4613147
event,baseline,flood,Somalia,0.150959,0.262319,0.188215,0.432668,5374091,349869,151377,652899,198492,4371323
event,baseline,water,Mekong,0.819705,0.900921,0.980444,0.833329,7129920,1719926,1433265,28588,286661,5381406
event,baseline,water,Pakistan,0.250672,0.400860,0.344670,0.478937,5375862,403107,193063,367075,210044,4605680
event,baseline,water,Somalia,0.150959,0.262319,0.188215,0.432668,5374091,349869,151377,652899,198492,4371323
event,main,flood,Mekong,0.371652,0.541904,0.573685,0.513460,7129920,1227436,630239,468342,597197,5434142
event,main,flood,Pakistan,0.145669,0.254296,0.171881,0.488552,5375862,326993,159753,769689,167240,4279180
event,main,flood,Somalia,0.266698,0.421092,0.349507,0.529552,5374091,349869,185274,344827,164595,4679395
event,main,water,Mekong,0.383331,0.554214,0.710943,0.454106,7129920,1719926,781028,317553,938898,5092441
event,main,water,Pakistan,0.171133,0.292252,0.209502,0.483048,5375862,403107,194720,734722,208387,4238033
event,main,water,Somalia,0.266698,0.421092,0.349507,0.529552,5374091,349869,185274,344827,164595,4679395
