min_component_px,threshold,f1_micro,iou_micro,precision,recall,f1_macro,iou_macro,f1_Sri-Lanka,f1_Nigeria,f1_Spain
1,0.150000,0.462159,0.300525,0.330051,0.770604,0.482180,0.345427,0.228371,0.754032,0.464136
1,0.200000,0.471033,0.308072,0.348583,0.726094,0.485187,0.344036,0.233001,0.726300,0.496259
1,0.250000,0.474154,0.310748,0.367202,0.669009,0.482617,0.337354,0.235831,0.683622,0.528398
1,0.300000,0.466021,0.303799,0.385169,0.589837,0.468624,0.320585,0.236159,0.615165,0.554549
1,0.350000,0.425776,0.270467,0.407035,0.446326,0.419974,0.274777,0.234064,0.473059,0.552798
1,0.400000,0.319202,0.189911,0.439958,0.250458,0.309975,0.187656,0.231654,0.248745,0.449527
1,0.450000,0.097915,0.051478,0.510177,0.054154,0.100897,0.053680,0.094106,0.051540,0.157043
1,0.500000,0.067462,0.034909,0.529923,0.036024,0.069568,0.036339,0.060871,0.034452,0.113381
1,0.550000,0.013348,0.006719,0.588950,0.006750,0.013800,0.006970,0.009335,0.005366,0.026699
1,0.600000,0.007190,0.003608,0.608799,0.003616,0.007462,0.003753,0.004571,0.002354,0.015461
1,0.650000,0.000113,0.000056,0.737589,0.000056,0.000113,0.000057,0.000017,0.000012,0.000312
1,0.700000,0.000113,0.000056,0.737589,0.000056,0.000113,0.000057,0.000017,0.000012,0.000312
1,0.750000,0.000112,0.000056,0.741007,0.000056,0.000112,0.000056,0.000017,0.000012,0.000309
1,0.800000,0.000108,0.000054,0.735294,0.000054,0.000109,0.000055,0.000017,0.000012,0.000299
16,0.150000,0.468828,0.306189,0.337804,0.765892,0.487209,0.349625,0.231312,0.754821,0.475493
16,0.200000,0.476967,0.313169,0.356469,0.720529,0.489682,0.347714,0.235427,0.725167,0.508454
16,0.250000,0.479231,0.315124,0.375268,0.662872,0.486576,0.340661,0.237687,0.680863,0.541177
16,0.300000,0.468950,0.306293,0.392675,0.582001,0.470802,0.322412,0.237257,0.608668,0.566483
16,0.350000,0.424420,0.269374,0.414068,0.435302,0.418011,0.273292,0.234619,0.460409,0.559004
16,0.400000,0.309684,0.183210,0.456498,0.234323,0.301189,0.181516,0.237644,0.224295,0.441627
16,0.450000,0.085410,0.044610,0.535797,0.046404,0.087984,0.046494,0.079137,0.043137,0.141678
16,0.500000,0.057327,0.029509,0.552332,0.030232,0.058779,0.030527,0.048009,0.028705,0.099624
16,0.550000,0.010331,0.005193,0.592821,0.005211,0.010660,0.005374,0.006690,0.003845,0.021447
16,0.600000,0.005357,0.002686,0.611310,0.002690,0.005508,0.002768,0.002724,0.001468,0.012333
16,0.650000,0.000014,0.000007,0.650000,0.000007,0.000014,0.000007,0.000000,0.000000,0.000042
16,0.700000,0.000014,0.000007,0.650000,0.000007,0.000014,0.000007,0.000000,0.000000,0.000042
16,0.750000,0.000014,0.000007,0.650000,0.000007,0.000014,0.000007,0.000000,0.000000,0.000042
16,0.800000,0.000013,0.000007,0.631579,0.000007,0.000013,0.000007,0.000000,0.000000,0.000039
60,0.150000,0.478333,0.314348,0.349332,0.758392,0.494046,0.355345,0.234894,0.755138,0.492107
60,0.200000,0.485425,0.320503,0.368144,0.712366,0.496000,0.353151,0.237904,0.724334,0.525763
60,0.250000,0.486004,0.321007,0.386955,0.653204,0.491797,0.345235,0.239224,0.677225,0.558941
60,0.300000,0.472248,0.309113,0.403199,0.569834,0.473112,0.324630,0.236752,0.601147,0.581437
60,0.350000,0.420499,0.266223,0.423066,0.417962,0.413670,0.270315,0.230083,0.444000,0.566925
60,0.400000,0.291049,0.170309,0.467602,0.211277,0.283996,0.169762,0.228184,0.197319,0.426486
60,0.450000,0.064890,0.033533,0.556146,0.034455,0.065705,0.034272,0.050897,0.034816,0.111403
60,0.500000,0.039702,0.020253,0.570149,0.020567,0.039696,0.020392,0.025753,0.021201,0.072135
60,0.550000,0.004293,0.002151,0.570813,0.002155,0.004372,0.002194,0.002195,0.001528,0.009394
60,0.600000,0.001689,0.000845,0.575221,0.000846,0.001782,0.000892,0.001108,0.000415,0.003822
60,0.650000,0.000000,0.000000,nan,0.000000,0.000000,0.000000,0.000000,0.000000,0.000000
60,0.700000,0.000000,0.000000,nan,0.000000,0.000000,0.000000,0.000000,0.000000,0.000000
60,0.750000,0.000000,0.000000,nan,0.000000,0.000000,0.000000,0.000000,0.000000,0.000000
60,0.800000,0.000000,0.000000,nan,0.000000,0.000000,0.000000,0.000000,0.000000,0.000000
120,0.150000,0.486312,0.321276,0.359592,0.750943,0.499990,0.360433,0.237496,0.755294,0.507180
120,0.200000,0.491980,0.326242,0.378390,0.703021,0.500830,0.357368,0.238552,0.722155,0.541783
120,0.250000,0.490008,0.324510,0.396201,0.642015,0.494548,0.347734,0.238362,0.672344,0.572938
120,0.300000,0.472791,0.309579,0.411395,0.555727,0.472796,0.324844,0.232028,0.593029,0.593330
120,0.350000,0.414003,0.261036,0.428381,0.400558,0.407076,0.265689,0.220638,0.429977,0.570612
120,0.400000,0.271308,0.156944,0.473408,0.190137,0.265610,0.157256,0.212723,0.176575,0.407531
120,0.450000,0.046038,0.023562,0.566328,0.023995,0.045015,0.023207,0.025678,0.027702,0.081664
120,0.500000,0.025815,0.013076,0.579348,0.013201,0.024428,0.012449,0.007999,0.015886,0.049397
120,0.550000,0.001106,0.000553,0.591541,0.000554,0.000985,0.000493,0.000000,0.000883,0.002071
120,0.600000,0.000079,0.000040,0.506944,0.000040,0.000079,0.000040,0.000000,0.000000,0.000237
120,0.650000,0.000000,0.000000,nan,0.000000,0.000000,0.000000,0.000000,0.000000,0.000000
120,0.700000,0.000000,0.000000,nan,0.000000,0.000000,0.000000,0.000000,0.000000,0.000000
120,0.750000,0.000000,0.000000,nan,0.000000,0.000000,0.000000,0.000000,0.000000,0.000000
120,0.800000,0.000000,0.000000,nan,0.000000,0.000000,0.000000,0.000000,0.000000,0.000000
300,0.150000,0.497313,0.330949,0.376532,0.732173,0.507226,0.366820,0.235777,0.752251,0.533650
300,0.200000,0.499704,0.333070,0.394766,0.680630,0.505749,0.361999,0.234323,0.716230,0.566696
300,0.250000,0.493248,0.327358,0.411210,0.616177,0.495732,0.349459,0.230049,0.661975,0.595171
300,0.300000,0.469544,0.306800,0.423435,0.526923,0.468335,0.321947,0.220013,0.577452,0.607541
300,0.350000,0.396140,0.246992,0.434468,0.364027,0.388754,0.252031,0.198885,0.401941,0.565435
300,0.400000,0.225449,0.127046,0.465450,0.148749,0.221516,0.127915,0.168942,0.140260,0.355344
300,0.450000,0.018252,0.009210,0.558190,0.009278,0.016340,0.008260,0.004155,0.017661,0.027204
300,0.500000,0.009239,0.004641,0.655388,0.004652,0.007860,0.003952,0.000540,0.010529,0.012511
300,0.550000,0.000000,0.000000,nan,0.000000,0.000000,0.000000,0.000000,0.000000,0.000000
300,0.600000,0.000000,0.000000,nan,0.000000,0.000000,0.000000,0.000000,0.000000,0.000000
300,0.650000,0.000000,0.000000,nan,0.000000,0.000000,0.000000,0.000000,0.000000,0.000000
300,0.700000,0.000000,0.000000,nan,0.000000,0.000000,0.000000,0.000000,0.000000,0.000000
300,0.750000,0.000000,0.000000,nan,0.000000,0.000000,0.000000,0.000000,0.000000,0.000000
300,0.800000,0.000000,0.000000,nan,0.000000,0.000000,0.000000,0.000000,0.000000,0.000000
500,0.150000,0.502605,0.335653,0.386831,0.717279,0.510307,0.370157,0.229883,0.750925,0.550113
500,0.200000,0.501927,0.335048,0.403605,0.663581,0.506388,0.363116,0.226772,0.711182,0.581208
500,0.250000,0.491346,0.325685,0.418124,0.595658,0.492780,0.347578,0.219607,0.655103,0.603630
500,0.300000,0.461547,0.300007,0.427896,0.500943,0.459481,0.314950,0.206163,0.562529,0.609751
500,0.350000,0.380096,0.234641,0.434634,0.337718,0.373083,0.240347,0.179800,0.383353,0.556095
500,0.400000,0.196197,0.108769,0.452607,0.125244,0.193985,0.109992,0.146821,0.120857,0.314276
500,0.450000,0.009591,0.004819,0.596974,0.004834,0.007658,0.003852,0.000468,0.014503,0.008002
500,0.500000,0.003635,0.001821,0.761732,0.001822,0.002832,0.001420,0.000000,0.005838,0.002659
500,0.550000,0.000000,0.000000,nan,0.000000,0.000000,0.000000,0.000000,0.000000,0.000000
500,0.600000,0.000000,0.000000,nan,0.000000,0.000000,0.000000,0.000000,0.000000,0.000000
500,0.650000,0.000000,0.000000,nan,0.000000,0.000000,0.000000,0.000000,0.000000,0.000000
500,0.700000,0.000000,0.000000,nan,0.000000,0.000000,0.000000,0.000000,0.000000,0.000000
500,0.750000,0.000000,0.000000,nan,0.000000,0.000000,0.000000,0.000000,0.000000,0.000000
500,0.800000,0.000000,0.000000,nan,0.000000,0.000000,0.000000,0.000000,0.000000,0.000000
800,0.150000,0.506921,0.339514,0.395886,0.704521,0.512941,0.373151,0.224246,0.749529,0.565047
800,0.200000,0.503649,0.336585,0.411547,0.648859,0.506571,0.364029,0.218431,0.706615,0.594668
800,0.250000,0.489241,0.323838,0.424415,0.577440,0.489395,0.345108,0.210717,0.647479,0.609989
800,0.300000,0.457017,0.296191,0.433754,0.482916,0.454377,0.311144,0.197506,0.551625,0.613999
800,0.350000,0.361322,0.220496,0.432071,0.310483,0.353616,0.226287,0.155469,0.359336,0.546042
800,0.400000,0.166939,0.091071,0.435876,0.103240,0.165930,0.092135,0.124433,0.107972,0.265385
800,0.450000,0.003274,0.001640,0.726705,0.001641,0.002315,0.001161,0.000000,0.006945,0.000000
800,0.500000,0.001438,0.000719,0.767052,0.000719,0.001018,0.000510,0.000000,0.003054,0.000000
800,0.550000,0.000000,0.000000,nan,0.000000,0.000000,0.000000,0.000000,0.000000,0.000000
800,0.600000,0.000000,0.000000,nan,0.000000,0.000000,0.000000,0.000000,0.000000,0.000000
800,0.650000,0.000000,0.000000,nan,0.000000,0.000000,0.000000,0.000000,0.000000,0.000000
800,0.700000,0.000000,0.000000,nan,0.000000,0.000000,0.000000,0.000000,0.000000,0.000000
800,0.750000,0.000000,0.000000,nan,0.000000,0.000000,0.000000,0.000000,0.000000,0.000000
800,0.800000,0.000000,0.000000,nan,0.000000,0.000000,0.000000,0.000000,0.000000,0.000000
1500,0.150000,0.509460,0.341795,0.407179,0.680361,0.512764,0.373408,0.214261,0.741800,0.582233
1500,0.200000,0.503400,0.336362,0.421742,0.624271,0.504429,0.362638,0.208595,0.697594,0.607098
1500,0.250000,0.486294,0.321260,0.436056,0.549614,0.482317,0.340861,0.187822,0.639703,0.619425
1500,0.300000,0.440816,0.282722,0.436003,0.445737,0.434943,0.296598,0.162634,0.533609,0.608588
1500,0.350000,0.326948,0.195420,0.422113,0.266798,0.318662,0.200614,0.113531,0.332389,0.510065
1500,0.400000,0.112669,0.059698,0.393378,0.065750,0.109327,0.058429,0.063387,0.094294,0.170300
1500,0.450000,0.001050,0.000525,0.688699,0.000525,0.000744,0.000372,0.000000,0.002231,0.000000
1500,0.500000,0.000000,0.000000,0.000000,0.000000,0.000000,0.000000,0.000000,0.000000,0.000000
1500,0.550000,0.000000,0.000000,nan,0.000000,0.000000,0.000000,0.000000,0.000000,0.000000
1500,0.600000,0.000000,0.000000,nan,0.000000,0.000000,0.000000,0.000000,0.000000,0.000000
1500,0.650000,0.000000,0.000000,nan,0.000000,0.000000,0.000000,0.000000,0.000000,0.000000
1500,0.700000,0.000000,0.000000,nan,0.000000,0.000000,0.000000,0.000000,0.000000,0.000000
1500,0.750000,0.000000,0.000000,nan,0.000000,0.000000,0.000000,0.000000,0.000000,0.000000
1500,0.800000,0.000000,0.000000,nan,0.000000,0.000000,0.000000,0.000000,0.000000,0.000000
3000,0.150000,0.509712,0.342022,0.422785,0.641635,0.504648,0.367695,0.190360,0.734372,0.589213
3000,0.200000,0.502367,0.335441,0.440376,0.584670,0.494140,0.356167,0.177532,0.693455,0.611431
3000,0.250000,0.476116,0.312436,0.449955,0.505507,0.466009,0.328501,0.155755,0.629623,0.612648
3000,0.300000,0.424683,0.269586,0.446105,0.405224,0.415359,0.281194,0.133658,0.522830,0.589588
3000,0.350000,0.289524,0.169265,0.410014,0.223766,0.282142,0.173972,0.081317,0.299750,0.465359
3000,0.400000,0.072334,0.037524,0.343625,0.040421,0.067463,0.035061,0.034382,0.081106,0.086902
3000,0.450000,0.000000,0.000000,nan,0.000000,0.000000,0.000000,0.000000,0.000000,0.000000
3000,0.500000,0.000000,0.000000,nan,0.000000,0.000000,0.000000,0.000000,0.000000,0.000000
3000,0.550000,0.000000,0.000000,nan,0.000000,0.000000,0.000000,0.000000,0.000000,0.000000
3000,0.600000,0.000000,0.000000,nan,0.000000,0.000000,0.000000,0.000000,0.000000,0.000000
3000,0.650000,0.000000,0.000000,nan,0.000000,0.000000,0.000000,0.000000,0.000000,0.000000
3000,0.700000,0.000000,0.000000,nan,0.000000,0.000000,0.000000,0.000000,0.000000,0.000000
3000,0.750000,0.000000,0.000000,nan,0.000000,0.000000,0.000000,0.000000,0.000000,0.000000
3000,0.800000,0.000000,0.000000,nan,0.000000,0.000000,0.000000,0.000000,0.000000,0.000000
6000,0.150000,0.508667,0.341082,0.438998,0.604619,0.498077,0.362725,0.175535,0.730133,0.588563
6000,0.200000,0.490557,0.324992,0.452216,0.536002,0.477763,0.341726,0.157141,0.680770,0.595378
6000,0.250000,0.462032,0.300417,0.459710,0.464378,0.451474,0.315601,0.140929,0.610515,0.602977
6000,0.300000,0.400840,0.250657,0.453943,0.358860,0.390949,0.261580,0.106658,0.497803,0.568385
6000,0.350000,0.236483,0.134098,0.388625,0.169950,0.231693,0.137968,0.043549,0.271705,0.379824
6000,0.400000,0.037254,0.018981,0.258229,0.020075,0.028168,0.014593,0.008306,0.076198,0.000000
6000,0.450000,0.000000,0.000000,nan,0.000000,0.000000,0.000000,0.000000,0.000000,0.000000
6000,0.500000,0.000000,0.000000,nan,0.000000,0.000000,0.000000,0.000000,0.000000,0.000000
6000,0.550000,0.000000,0.000000,nan,0.000000,0.000000,0.000000,0.000000,0.000000,0.000000
6000,0.600000,0.000000,0.000000,nan,0.000000,0.000000,0.000000,0.000000,0.000000,0.000000
6000,0.650000,0.000000,0.000000,nan,0.000000,0.000000,0.000000,0.000000,0.000000,0.000000
6000,0.700000,0.000000,0.000000,nan,0.000000,0.000000,0.000000,0.000000,0.000000,0.000000
6000,0.750000,0.000000,0.000000,nan,0.000000,0.000000,0.000000,0.000000,0.000000,0.000000
6000,0.800000,0.000000,0.000000,nan,0.000000,0.000000,0.000000,0.000000,0.000000,0.000000
10000,0.150000,0.497843,0.331419,0.452573,0.553177,0.478415,0.347798,0.134374,0.717993,0.582880
10000,0.200000,0.480553,0.316268,0.469107,0.492571,0.459901,0.328292,0.120392,0.664139,0.595173
10000,0.250000,0.432740,0.276113,0.463495,0.405813,0.409824,0.285432,0.062062,0.584941,0.582468
10000,0.300000,0.372208,0.228658,0.450019,0.317339,0.355982,0.238146,0.037746,0.481053,0.549147
10000,0.350000,0.179831,0.098799,0.334203,0.123011,0.176171,0.101446,0.013503,0.206311,0.308697
10000,0.400000,0.017681,0.008919,0.152356,0.009385,0.012816,0.006533,0.000000,0.038447,0.000000
10000,0.450000,0.000000,0.000000,nan,0.000000,0.000000,0.000000,0.000000,0.000000,0.000000
10000,0.500000,0.000000,0.000000,nan,0.000000,0.000000,0.000000,0.000000,0.000000,0.000000
10000,0.550000,0.000000,0.000000,nan,0.000000,0.000000,0.000000,0.000000,0.000000,0.000000
10000,0.600000,0.000000,0.000000,nan,0.000000,0.000000,0.000000,0.000000,0.000000,0.000000
10000,0.650000,0.000000,0.000000,nan,0.000000,0.000000,0.000000,0.000000,0.000000,0.000000
10000,0.700000,0.000000,0.000000,nan,0.000000,0.000000,0.000000,0.000000,0.000000,0.000000
10000,0.750000,0.000000,0.000000,nan,0.000000,0.000000,0.000000,0.000000,0.000000,0.000000
10000,0.800000,0.000000,0.000000,nan,0.000000,0.000000,0.000000,0.000000,0.000000,0.000000
