threshold,iou,f1,precision,recall,n_pixels,n_positive,tp,fp,fn
0.10,0.270263,0.425523,0.286087,0.830109,21711581,1844506,1531141,3820867,313365
0.15,0.287861,0.447037,0.313571,0.778312,21711581,1844506,1435602,3142636,408904
0.20,0.299410,0.460840,0.341484,0.708460,21711581,1844506,1306759,2519944,537747
0.25,0.299901,0.461421,0.358055,0.648688,21711581,1844506,1196509,2145178,647997
0.30,0.292209,0.452263,0.372379,0.575781,21711581,1844506,1062032,1789990,782474
0.35,0.205683,0.341189,0.411759,0.291269,21711581,1844506,537248,767514,1307258
0.40,0.118195,0.211404,0.459367,0.137294,21711581,1844506,253239,298039,1591267
0.45,0.064686,0.121512,0.506102,0.069045,21711581,1844506,127353,124282,1717153
0.50,0.039209,0.075460,0.525716,0.040647,21711581,1844506,74974,67639,1769532
0.55,0.003725,0.007422,0.593691,0.003734,21711581,1844506,6888,4714,1837618
0.60,0.001442,0.002880,0.636538,0.001443,21711581,1844506,2662,1520,1841844
0.65,0.000102,0.000204,0.770492,0.000102,21711581,1844506,188,56,1844318
0.70,0.000100,0.000199,0.766667,0.000100,21711581,1844506,184,56,1844322
0.75,0.000067,0.000134,0.784810,0.000067,21711581,1844506,124,34,1844382
0.80,0.000067,0.000134,0.794872,0.000067,21711581,1844506,124,32,1844382
0.85,0.000065,0.000130,0.800000,0.000065,21711581,1844506,120,30,1844386
0.90,0.000065,0.000129,0.798658,0.000065,21711581,1844506,119,30,1844387
