asset_id,chip_id,asset_class,asset_value_rub,vulnerability_coef,longitude,latitude
a01,India_900498,warehouse,10000000,0.25,93.74346689547164,26.729146700155333
a02,India_900498,substation,20000000,0.4,93.76466713617685,26.767145436673587
a03,India_900498,road_unit,5000000,0.3,93.7567619616766,26.751514750729907
a04,India_900498,facility,8000000,0.2,93.75227038525601,26.764719985406465
a05,India_900498,pumping_station,12000000,0.35,93.75155173302872,26.73875867369541
a06,India_900498,clinic,30000000,0.15,93.77158416386457,26.730134846967864
a07,India_900498,school,18000000,0.2,93.77688422404088,26.73597389631464
a08,India_900498,workshop,6000000,0.45,93.74337706394323,26.73516541255893
a09,India_900498,telecom_node,4000000,0.5,93.76529595687575,26.728877205570097
a10,India_900498,water_intake,16000000,0.3,93.74894661870476,26.763821670122343
