asset_id,chip_id,p_flood,expected_loss_rub,uncertainty,rank,status
a01,Mekong_1111068,0.011919457465410233,29798.64366352558,0.07580476999282837,7,ok
a02,Mekong_1111068,0.32818424701690674,2625473.976135254,0.6526041030883789,1,ok
a03,Mekong_1111068,0.27965283393859863,419479.25090789795,0.6131762266159058,4,ok
a04,Mekong_1111068,0.09893899410963058,158302.39057540894,0.3300729990005493,6,ok
a05,Mekong_1111068,0.14995265007019043,629801.1302947998,0.44697701930999756,2,ok
a06,Mekong_1111068,0.04901117831468582,220550.3024160862,0.19877390563488007,5,ok
a07,Mekong_1111068,0.13442553579807281,483931.92887306213,0.4136373996734619,3,ok
a08,Mekong_1111068,0.007767427247017622,20972.05356694758,0.04806046187877655,8,ok
a09,Mekong_1111068,0.0063022770918905735,12604.554183781147,0.04663851484656334,9,ok
a10,Mekong_1111068,0.00008377782069146633,402.1335393190384,0.0010327064665034413,10,ok
