chip_id,event
Ghana_83200,Ghana
India_273873,India
Paraguay_651904,Paraguay
Paraguay_1019808,Paraguay
Paraguay_721886,Paraguay
Paraguay_62897,Paraguay
USA_826217,USA
India_25540,India
Ghana_887131,Ghana
Paraguay_403081,Paraguay
USA_788696,USA
Paraguay_657443,Paraguay
Ghana_866994,Ghana
Ghana_187318,Ghana
India_869358,India
Paraguay_198534,Paraguay
USA_350244,USA
Paraguay_795075,Paraguay
India_180633,India
Ghana_264787,Ghana
Ghana_144050,Ghana
Paraguay_212687,Paraguay
USA_375183,USA
Ghana_895194,Ghana
Ghana_8090,Ghana
India_533192,India
India_500266,India
India_373039,India
Paraguay_792268,Paraguay
Ghana_146222,Ghana
USA_1039203,USA
Ghana_132163,Ghana
Ghana_45911,Ghana
USA_66511,USA
Paraguay_822142,Paraguay
USA_58086,USA
Ghana_313799,Ghana
USA_348639,USA
Ghana_53713,Ghana
USA_275372,USA
Ghana_61925,Ghana
USA_741178,USA
Ghana_1089161,Ghana
USA_84195,USA
India_691027,India
Paraguay_59731,Paraguay
USA_664261,USA
Paraguay_149787,Paraguay
Paraguay_989230,Paraguay
USA_224165,USA
Ghana_135389,Ghana
Paraguay_76868,Paraguay
USA_646878,USA
Ghana_359826,Ghana
India_566697,India
Paraguay_921838,Paraguay
India_570384,India
Ghana_953791,Ghana
India_73419,India
India_1072277,India
USA_232060,USA
Ghana_7496,Ghana
Paraguay_470303,Paraguay
USA_11422,USA
USA_86502,USA
Paraguay_280900,Paraguay
Ghana_154838,Ghana
USA_994009,USA
USA_527077,USA
India_383430,India
Ghana_156478,Ghana
India_136196,India
India_900498,India
USA_198411,USA
USA_217598,USA
Ghana_83483,Ghana
India_70352,India
Paraguay_80102,Paraguay
Ghana_124834,Ghana
Ghana_147015,Ghana
Paraguay_34417,Paraguay
USA_486103,USA
Paraguay_247656,Paraguay
Ghana_141271,Ghana
India_244057,India
USA_652955,USA
India_59460,India
USA_604222,USA
Ghana_141910,Ghana
Ghana_1033830,Ghana
India_772630,India
Ghana_161233,Ghana
Ghana_97516,Ghana
Ghana_247288,Ghana
India_833266,India
Ghana_868803,Ghana
Paraguay_36146,Paraguay
Ghana_406026,Ghana
India_534470,India
Paraguay_191503,Paraguay
USA_605492,USA
USA_211406,USA
India_1018317,India
Paraguay_896458,Paraguay
Paraguay_54421,Paraguay
Paraguay_511199,Paraguay
Paraguay_11869,Paraguay
India_747970,India
USA_504150,USA
India_591549,India
India_103447,India
Paraguay_48673,Paraguay
USA_181503,USA
Paraguay_790830,Paraguay
Ghana_597288,Ghana
Ghana_49890,Ghana
India_774689,India
Ghana_11745,Ghana
Paraguay_339807,Paraguay
India_56450,India
India_265762,India
India_1018327,India
India_769408,India
India_164336,India
India_773682,India
India_707886,India
India_177319,India
India_979278,India
Paraguay_1056717,Paraguay
Paraguay_683296,Paraguay
USA_655230,USA
India_631692,India
USA_67102,USA
USA_115033,USA
Ghana_5079,Ghana
Ghana_134751,Ghana
USA_430764,USA
India_207862,India
India_324254,India
Ghana_97059,Ghana
India_828067,India
USA_741073,USA
Paraguay_648632,Paraguay
USA_955053,USA
USA_693819,USA
India_391908,India
USA_670826,USA
Paraguay_24341,Paraguay
USA_308150,USA
Paraguay_215904,Paraguay
Paraguay_40936,Paraguay
India_943439,India
Ghana_319168,Ghana
India_1068117,India
Paraguay_1029191,Paraguay
USA_114964,USA
India_981708,India
India_804466,India
USA_831672,USA
Paraguay_172476,Paraguay
Ghana_142312,Ghana
Ghana_362274,Ghana
USA_806273,USA
USA_387945,USA
USA_1010394,USA
Paraguay_153941,Paraguay
USA_225017,USA
Paraguay_1029042,Paraguay
Paraguay_246154,Paraguay
USA_758178,USA
India_179238,India
Paraguay_179624,Paraguay
USA_347609,USA
USA_366607,USA
USA_778194,USA
Paraguay_148318,Paraguay
USA_1068362,USA
Ghana_308249,Ghana
Paraguay_126224,Paraguay
Paraguay_225187,Paraguay
Paraguay_284928,Paraguay
India_764946,India
Ghana_234935,Ghana
India_80221,India
India_956930,India
India_652725,India
India_664410,India
Paraguay_892933,Paraguay
Ghana_128663,Ghana
India_399883,India
Paraguay_271769,Paraguay
Paraguay_913449,Paraguay
Paraguay_868895,Paraguay
USA_905409,USA
Ghana_495107,Ghana
India_952728,India
USA_519181,USA
India_287642,India
Paraguay_205585,Paraguay
USA_761032,USA
Ghana_194723,Ghana
India_591317,India
Paraguay_934240,Paraguay
Ghana_167233,Ghana
USA_986268,USA
USA_908474,USA
USA_1049586,USA
India_698338,India
USA_231124,USA
India_624341,India
India_592446,India
India_166709,India
India_747992,India
India_1017769,India
India_44475,India
Paraguay_7894,Paraguay
USA_66026,USA
Paraguay_791364,Paraguay
USA_251323,USA
Ghana_1078550,Ghana
India_91379,India
Ghana_24858,Ghana
USA_260929,USA
India_285297,India
Ghana_277,Ghana
Ghana_168875,Ghana
Paraguay_44682,Paraguay
Ghana_103272,Ghana
India_135434,India
India_842775,India
Paraguay_305760,Paraguay
USA_179917,USA
USA_1082482,USA
Paraguay_1076204,Paraguay
USA_170264,USA
USA_181263,USA
Paraguay_997480,Paraguay
USA_354981,USA
Paraguay_224845,Paraguay
Paraguay_252217,Paraguay
USA_19225,USA
India_79637,India
Paraguay_232281,Paraguay
Paraguay_482517,Paraguay
Paraguay_36015,Paraguay
USA_638521,USA
India_1050276,India
USA_595451,USA
Ghana_26376,Ghana
USA_933610,USA
USA_438959,USA
Paraguay_605682,Paraguay
Paraguay_149830,Paraguay
USA_770353,USA
Paraguay_12870,Paraguay
Paraguay_581976,Paraguay
India_118868,India
