scenario_id,strategy,changed_inputs_json,decision_cost_rub,covered_expected_loss_rub,result_status,interpretation
p_x0.8,A,"{""p_flood_factor"": 0.8, ""rule"": ""p := clip(p * factor, 0, 1)""}",0.00,0.0,в пределах бюджета,Вероятность изменена на -19 % без переобучения модели; V и q зафиксированы.
p_x0.8,B,"{""p_flood_factor"": 0.8, ""rule"": ""p := clip(p * factor, 0, 1)""}",49059.60,2525750.9868592024,контрфактический,Вероятность изменена на -19 % без переобучения модели; V и q зафиксированы.
p_x0.8,C,"{""p_flood_factor"": 0.8, ""rule"": ""p := clip(p * factor, 0, 1)""}",17170.86,2525750.9868592024,в пределах бюджета,Вероятность изменена на -19 % без переобучения модели; V и q зафиксированы.
p_x1.2,A,"{""p_flood_factor"": 1.2, ""rule"": ""p := clip(p * factor, 0, 1)""}",0.00,0.0,в пределах бюджета,Вероятность изменена на +19 % без переобучения модели; V и q зафиксированы.
p_x1.2,B,"{""p_flood_factor"": 1.2, ""rule"": ""p := clip(p * factor, 0, 1)""}",49059.60,3788626.4802888036,контрфактический,Вероятность изменена на +19 % без переобучения модели; V и q зафиксированы.
p_x1.2,C,"{""p_flood_factor"": 1.2, ""rule"": ""p := clip(p * factor, 0, 1)""}",17170.86,3788626.4802888036,в пределах бюджета,Вероятность изменена на +19 % без переобучения модели; V и q зафиксированы.
V_x0.8,A,"{""V_factor"": 0.8}",0.00,0.0,в пределах бюджета,Стоимость объектов изменена на -19 %; вероятность и остальные параметры зафиксированы.
V_x0.8,B,"{""V_factor"": 0.8}",49059.60,2525750.9868592024,контрфактический,Стоимость объектов изменена на -19 %; вероятность и остальные параметры зафиксированы.
V_x0.8,C,"{""V_factor"": 0.8}",17170.86,2525750.9868592024,в пределах бюджета,Стоимость объектов изменена на -19 %; вероятность и остальные параметры зафиксированы.
V_x1.2,A,"{""V_factor"": 1.2}",0.00,0.0,в пределах бюджета,Стоимость объектов изменена на +19 %; вероятность и остальные параметры зафиксированы.
V_x1.2,B,"{""V_factor"": 1.2}",49059.60,3788626.4802888036,контрфактический,Стоимость объектов изменена на +19 %; вероятность и остальные параметры зафиксированы.
V_x1.2,C,"{""V_factor"": 1.2}",17170.86,3788626.4802888036,в пределах бюджета,Стоимость объектов изменена на +19 %; вероятность и остальные параметры зафиксированы.
q_x0.8,A,"{""q_factor"": 0.8}",0.00,0.0,в пределах бюджета,Уязвимость изменена на -19 %; вероятность и остальные параметры зафиксированы.
q_x0.8,B,"{""q_factor"": 0.8}",49059.60,2525750.9868592024,контрфактический,Уязвимость изменена на -19 %; вероятность и остальные параметры зафиксированы.
q_x0.8,C,"{""q_factor"": 0.8}",17170.86,2525750.9868592024,в пределах бюджета,Уязвимость изменена на -19 %; вероятность и остальные параметры зафиксированы.
q_x1.2,A,"{""q_factor"": 1.2}",0.00,0.0,в пределах бюджета,Уязвимость изменена на +19 %; вероятность и остальные параметры зафиксированы.
q_x1.2,B,"{""q_factor"": 1.2}",49059.60,3788626.4802888036,контрфактический,Уязвимость изменена на +19 %; вероятность и остальные параметры зафиксированы.
q_x1.2,C,"{""q_factor"": 1.2}",17170.86,3788626.4802888036,в пределах бюджета,Уязвимость изменена на +19 %; вероятность и остальные параметры зафиксированы.
budget_x0.5,A,"{""budget_rub"": 10000.0}",0.00,0.0,в пределах бюджета,"Бюджет изменён в 0.5 раза. Модель не переобучается, портфель и порог прежние — меняется только корзина заказа."
budget_x0.5,B,"{""budget_rub"": 10000.0}",49059.60,3157188.733574003,контрфактический,"Бюджет изменён в 0.5 раза. Модель не переобучается, портфель и порог прежние — меняется только корзина заказа."
budget_x0.5,C,"{""budget_rub"": 10000.0}",9811.92,2844347.6140964776,в пределах бюджета,"Бюджет изменён в 0.5 раза. Модель не переобучается, портфель и порог прежние — меняется только корзина заказа."
budget_x2.0,A,"{""budget_rub"": 40000.0}",0.00,0.0,в пределах бюджета,"Бюджет изменён в 2.0 раза. Модель не переобучается, портфель и порог прежние — меняется только корзина заказа."
budget_x2.0,B,"{""budget_rub"": 40000.0}",49059.60,3157188.733574003,контрфактический,"Бюджет изменён в 2.0 раза. Модель не переобучается, портфель и порог прежние — меняется только корзина заказа."
budget_x2.0,C,"{""budget_rub"": 40000.0}",17170.86,3157188.733574003,в пределах бюджета,"Бюджет изменён в 2.0 раза. Модель не переобучается, портфель и порог прежние — меняется только корзина заказа."
base_rate_x0.5,A,"{""base_rate_rub_km2"": 394.32}",0.00,0.0,в пределах бюджета,"Ставка съёмки изменена в 0.5 раза. Проверяет, насколько план закупки зависит от сценарного тарифа."
base_rate_x0.5,B,"{""base_rate_rub_km2"": 394.32}",24529.80,3157188.733574003,контрфактический,"Ставка съёмки изменена в 0.5 раза. Проверяет, насколько план закупки зависит от сценарного тарифа."
base_rate_x0.5,C,"{""base_rate_rub_km2"": 394.32}",8585.43,3157188.733574003,в пределах бюджета,"Ставка съёмки изменена в 0.5 раза. Проверяет, насколько план закупки зависит от сценарного тарифа."
base_rate_x2.0,A,"{""base_rate_rub_km2"": 1577.28}",0.00,0.0,в пределах бюджета,"Ставка съёмки изменена в 2.0 раза. Проверяет, насколько план закупки зависит от сценарного тарифа."
base_rate_x2.0,B,"{""base_rate_rub_km2"": 1577.28}",98119.20,3157188.733574003,контрфактический,"Ставка съёмки изменена в 2.0 раза. Проверяет, насколько план закупки зависит от сценарного тарифа."
base_rate_x2.0,C,"{""base_rate_rub_km2"": 1577.28}",19623.84,2844347.6140964776,в пределах бюджета,"Ставка съёмки изменена в 2.0 раза. Проверяет, насколько план закупки зависит от сценарного тарифа."
